"0","
import re 

cds= ""ATGGAAATGATGAATTGGGAGCGGAGGAGTTTGCTAAACGAGCTAATTCATGGACTAAAAGCGGCCAAGCAGCTTCAGGGTTCGTCTTCTCCATCGTTGTCAGCTTCTTCTTCATATTTGACGACGGAGATAAAGGAGAATCTCTTACATAACATAGTTTCTTCCTTCAAAAAAGCTATTTTGATGCTCAACGGATCCACCACACAACACAATCCAACGATAGAGCTTGCGCCTGATCCCCTAGCTCATCCCGGAAAGGTTCCAGGATCTCCAGCATCGATCACCGGAAATCCGAGAAGCGAAGAGTTTTTCAATGTAAGATCGAAAGAATTCAACTTAAGTTCTAAAAAGAGGAAGATGTTGCCAAAGTGGACAGAGCAAGTGAGAATTAGCCCAGAGAGAGGCTTAGAAGGACCTCATGACGATATCTTCAGCTGGAGAAAATATGGCCAGAAAGACATTTTGGGCGCCAAATTCCCAAGGAGTTATTACAGATGCACATTTCGTAACACACAGTACTGTTGGGCTACGAAACAAGTCCAAAGATCGGACGGTGATCCAACGATCTTCGAAGTAACATACAGAGGAACACACACTTGTTCACAGGGGATCCCACTTCCAGAGAAACGAGAAACCAAACCAAAACACACAGTAGCAGTAAATTACCAGAATCTCAGGGCCAGTCTTACCGTACGTACCGGCGGACTTGGAAGCGAAGCTTTCTCATTCCCCGTCACGTCGCCGTTATACACTTACGAGTCCATCAACGGTGGTGGAACGTTTTACCACCACGTGGGAAGTTCTGGTCCGTCGGATTTCACTGGATTGATCTCAACAAATACTTCCACAGGAAGTTCTCCAATCTTCGACGTTAATTTTCAATTTGATCCAACGGCTGAGATTAACACAGGCTTCCCCACTTTTTTCCACAATTCGATTTAA""




oligos = re.findall(r""\w{19}.GG"", cds)
print(oligos)



"
"1","['GGAAATGATGAATTGGGAGCGG', 'TGCTAAACGAGCTAATTCATGG', 'AAAGCGGCCAAGCAGCTTCAGG', 'TCTTCTTCATATTTGACGACGG', 'AAGCTATTTTGATGCTCAACGG', 'CTGATCCCCTAGCTCATCCCGG', 'GATCTCCAGCATCGATCACCGG', 'CAACTTAAGTTCTAAAAAGAGG', 'TGAGAATTAGCCCAGAGAGAGG', 'TCATGACGATATCTTCAGCTGG', 'TATGGCCAGAAAGACATTTTGG', 'TCGTAACACACAGTACTGTTGG', 'ACGAAACAAGTCCAAAGATCGG', 'TCTTCGAAGTAACATACAGAGG', 'AACACACACTTGTTCACAGGGG', 'AGTAAATTACCAGAATCTCAGG', 'CCAGTCTTACCGTACGTACCGG', 'ACACTTACGAGTCCATCAACGG', 'GGAACGTTTTACCACCACGTGG', 'CTGGTCCGTCGGATTTCACTGG', 'TCTCAACAAATACTTCCACAGG', 'AATTTTCAATTTGATCCAACGG']
"
