"0","import re 
from collections import Counter

my_seq1 = ""ATCATCATG""
my_seq2 = ""CAGCCCAATCAGGCTCTACTGCCACTAAACTTACGCAGGATATATTTACGCCGACGTACT""

def kmers(seq):
  n=len(my_seq1)
  unique_mer_list=[]
  mer_list=[]
  
  #finding mers
  mer1=re.findall(r""..."", seq)
  mer2=re.findall(r""..."", seq[1:n])
  mer3=re.findall(r""..."", seq[2:n])
  
  #add all mers to mer_list
  for m in mer1:
    mer_list.append(m)
  for m in mer2:
    mer_list.append(m)
  for m in mer3:
    mer_list.append(m)
  
  #count instances:
  dict=Counter(mer_list)
  print(dict)
  
kmers(my_seq1)
kmers(my_seq2)"
"1","Counter({'CAT': 2, 'ATC': 2, 'TCA': 2, 'ATG': 1})
Counter({'CCA': 2, 'CGC': 2, 'TTA': 2, 'CAG': 2, 'CTA': 2, 'TAT': 1, 'GCC': 1, 'CAA': 1, 'AAC': 1, 'ATA': 1, 'AGG': 1, 'AGC': 1, 'CGA': 1, 'AAT': 1, 'CTG': 1, 'GCT': 1, 'ACT': 1, 'CGT': 1, 'CCC': 1})
"
