"0","class Oligo_Reverse:
    
    def __init__(self, sq):
        self.sq= sq
        
    
    #first, reverse sequence
    def my_reverse(sq): 
        st = """" 
        for x in sq: 
            st = x + st
        return st

    #Then generate the complementary sequence
    def reverse_oligo(st):
        reverse_sq=""""
        for bp in st:
            if bp == ""A"":
              reverse_sq + ""T""
            elif bp == ""G"":
              reverse_sq + ""C""
            elif bp ==""T"":
              reverse_sq + ""A""
            elif bp ==""C"":
              reverse_sq + ""G""
        return reverse_sq
    
    def __str__(self):
        return  ""forward oligo sequence is"", (self.sq) +\
                ""reverse oligo sequence is"", reverse_sq


#now let's use our function!
    
oligo1= Oligo_Reverse(""GGAAATGATGAATTGGGAG"") 
print(oligo1)
    
seq=""GGAAATGATGAATTGGGAG""
reverse_oligo(sq)
  "
"2","Traceback (most recent call last):
  File ""/var/folders/g9/24s121tj4kzfl432lf38g8rr0000gn/T/RtmpatiWUD/chunk-code-17c747dcfd0d.txt"", line 36, in <module>
    print(oligo1)
  File ""/var/folders/g9/24s121tj4kzfl432lf38g8rr0000gn/T/RtmpatiWUD/chunk-code-17c747dcfd0d.txt"", line 30, in __str__
    ""reverse oligo sequence is"", reverse_sq
NameError: global name 'reverse_sq' is not defined
"
